{"rfw_id": 8250, "last_batch_id": 3, "data_samples_requested": [71.21028895, 69.17950295, 66.05200587]}