{"rfw_id": 6129, "last_batch_id": 12, "data_samples": [64.67502117, 65.7851935, 67.04570097, 66.85755633, 63.77766568, 57.46502898, 48.75368814, 39.05900475, 29.74070098, 21.73742498, 15.46038531, 10.94967528, 8.287102, 7.963692581, 10.73361402, 16.91621552, 25.7920957, 35.79091832, 45.35007023, 53.55670347, 59.98082147, 64.15489783, 65.597758, 64.50037328, 62.19259398, 60.60689707, 61.05638538, 63.41865249, 66.41469315, 68.66205, 69.63075661, 69.85501417, 70.35811475, 71.80775288]}